Merk,Nama_Produk,Harga,Ratings,URL
Smiggle,Smiggle Limitless Backpack Trolley With Light Up Wheels - IGL455358BLM,1799000,5.0,https://www.zalora.co.id/p/smiggle-smiggle-limitless-backpack-trolley-with-light-up-wheels-igl455358blm-black-4582281
Smiggle,Smiggle Spider-Man Classic Backpack - IGL445075BLK - Black,0,5.0,https://www.zalora.co.id/p/smiggle-smiggle-spider-man-classic-backpack-igl445075blk-black-black-4264002
ADIDAS,4Athlts Duffel Bag Small,0,5.0,https://www.zalora.co.id/p/adidas-4athlts-duffel-bag-small-black-3188009
ADIDAS,Adicolor Sacoche Bag,0,4.7,https://www.zalora.co.id/p/adidas-adicolor-sacoche-bag-black-4149175
ADIDAS,Classic Badge Of Sport 3-Stripes Backpack,0,4.9,https://www.zalora.co.id/p/adidas-classic-badge-of-sport-3-stripes-backpack-black-3552197
Converse,Go 2 Backpack,699000,5.0,https://www.zalora.co.id/p/converse-go-2-backpack-purple-4682567
Converse,Go 2 Backpack,699000,5.0,https://www.zalora.co.id/p/converse-go-2-backpack-black-4435706
Converse,Straight Edge Backpack,899000,5.0,https://www.zalora.co.id/p/converse-straight-edge-backpack-black-4418100
Converse,Straight Edge Backpack,899000,5.0,https://www.zalora.co.id/p/converse-straight-edge-backpack-grey-4682563
ADIDAS,Mini Airliner Bag,0,0.0,https://www.zalora.co.id/p/adidas-mini-airliner-bag-silver-4776890
Converse,Speed 3 Backpack,459000,5.0,https://www.zalora.co.id/p/converse-speed-3-backpack-purple-4681360
Converse,Go Lo Backpack,499000,5.0,https://www.zalora.co.id/p/converse-go-lo-backpack-purple-4681357
Converse,Go Lo Backpack,499000,5.0,https://www.zalora.co.id/p/converse-go-lo-backpack-grey-4681361
Converse,Speed 3 Backpack,459000,4.9,https://www.zalora.co.id/p/converse-speed-3-backpack-beige-4681356
Converse,Speed 3 Backpack,459000,4.9,https://www.zalora.co.id/p/converse-speed-3-backpack-grey-4681358
Nike,Older Kids' Backpack (25L),479000,5.0,https://www.zalora.co.id/p/nike-older-kids-backpack-25l-red-4674503
Hush Puppies,Peppy Backpack,1199000,5.0,https://www.zalora.co.id/p/hush-puppies-peppy-backpack-pink-4382477
Converse,Wrinkle Backpack,499000,0.0,https://www.zalora.co.id/p/converse-wrinkle-backpack-navy-4760787
Under Armour,Gametime Duffle S Bag,799000,4.9,https://www.zalora.co.id/p/under-armour-gametime-duffle-s-bag-black-3851685
Under Armour,Undeniable 5.0 Medium Duffle Bag,799000,4.9,https://www.zalora.co.id/p/under-armour-undeniable-5-0-medium-duffle-bag-navy-3155215
ADIDAS,Classic Seasonal Backpack,0,5.0,https://www.zalora.co.id/p/adidas-classic-seasonal-backpack-black-4719959
ADIDAS,Must Haves Shoulder Bag,0,0.0,https://www.zalora.co.id/p/adidas-must-haves-shoulder-bag-black-4776860
Converse,Winterized Go Lo Backpack,699000,5.0,https://www.zalora.co.id/p/converse-winterized-go-lo-backpack-black-4681362
Hush Puppies,Sage Backpack,999000,5.0,https://www.zalora.co.id/p/hush-puppies-sage-backpack-navy-4687676
ALDO,Kaptai Backpack,1429000,4.0,https://www.zalora.co.id/p/aldo-kaptai-backpack-black-4399773
ALDO,Marky Backpack,1649000,5.0,https://www.zalora.co.id/p/aldo-marky-backpack-brown-4397103
Nike,Heritage Backpack (25l),0,4.9,https://www.zalora.co.id/p/nike-heritage-backpack-25l-green-4673844
ADIDAS,EP/Syst. Team Duffel Bag 35L,0,4.8,https://www.zalora.co.id/p/adidas-ep-syst-team-duffel-bag-35l-black-4493593
Nike,Sportswear Futura 365 Women's Mini Backpack (6L),379000,4.9,https://www.zalora.co.id/p/nike-sportswear-futura-365-women-s-mini-backpack-6l-brown-4673942
ADIDAS,Backpack,700000,0.0,https://www.zalora.co.id/p/adidas-backpack-black-4493742
Hush Puppies,Tegan Backpack,1399000,4.9,https://www.zalora.co.id/p/hush-puppies-tegan-backpack-black-4326083
ADIDAS,City Explorer Backpack,0,0.0,https://www.zalora.co.id/p/adidas-city-explorer-backpack-black-4719968
Nike,Sportswear Futura Luxe Women's Cross-Body Bag (1L),0,4.9,https://www.zalora.co.id/p/nike-sportswear-futura-luxe-women-s-cross-body-bag-1l-green-4473103
Nike,Sportswear Futura 365 Faux Fur Crossbody Bag (1L),0,5.0,https://www.zalora.co.id/p/nike-sportswear-futura-365-faux-fur-crossbody-bag-1l-black-4674501
ADIDAS,PU Outline Trefoil Shoulder Bag,700000,5.0,https://www.zalora.co.id/p/adidas-pu-outline-trefoil-shoulder-bag-black-4493541
ADIDAS,Hybrid Waist Bag,0,5.0,https://www.zalora.co.id/p/adidas-hybrid-waist-bag-grey-4776884
ADIDAS,VRST Backpack,600000,5.0,https://www.zalora.co.id/p/adidas-vrst-backpack-black-4493861
ADIDAS,Classic Back-to-School 3-Stripes Backpack,0,0.0,https://www.zalora.co.id/p/adidas-classic-back-to-school-3-stripes-backpack-blue-4776883
Smiggle,Smiggle Beta Trolley Backpack With Light Up Wheels - IGL455787NAV,1799000,5.0,/
Smiggle,Smiggle Sonic The Hedgehog Classic Backpack - IGL456000CBL,1399000,0.0,https://www.zalora.co.id/categories
ADIDAS,VRST Backpack,600000,5.0,https://www.zalora.co.id/cart
ADIDAS,Classic Back-to-School 3-Stripes Backpack,0,0.0,https://www.zalora.co.id/wishlist
Hush Puppies,Rica Backpack M,1299000,4.9,/customer/account/index
Hush Puppies,Parker Backpack,2999000,5.0,https://www.zalora.co.id/p/smiggle-smiggle-limitless-backpack-trolley-with-light-up-wheels-igl455358blm-black-4582281
Nike,Elemental Backpack (21L),429000,5.0,https://www.zalora.co.id/p/smiggle-smiggle-spider-man-classic-backpack-igl445075blk-black-black-4264002
Nike,Heritage Waistpack,0,5.0,https://www.zalora.co.id/p/adidas-4athlts-duffel-bag-small-black-3188009
Nike,Elemental Kids' Backpack (20L),419000,5.0,https://www.zalora.co.id/p/adidas-adicolor-sacoche-bag-black-4149175
Hush Puppies,Tegan Backpack,1399000,5.0,https://www.zalora.co.id/p/adidas-classic-badge-of-sport-3-stripes-backpack-black-3552197
ADIDAS,Adicolor Festival Bag,0,3.7,https://www.zalora.co.id/p/converse-go-2-backpack-purple-4682567
ADIDAS,Adidas Power Backpack,0,4.9,https://www.zalora.co.id/p/converse-go-2-backpack-black-4435706
ADIDAS,Adicolor Backpack,0,0.0,https://www.zalora.co.id/p/converse-straight-edge-backpack-black-4418100
ADIDAS,Glow Backpack,600000,0.0,https://www.zalora.co.id/p/converse-straight-edge-backpack-grey-4682563
Nike,Aura Crossbody Bag (2L),0,4.9,https://www.zalora.co.id/p/adidas-mini-airliner-bag-silver-4776890
ADIDAS,Adicolor Classic Festival Bag,0,5.0,https://www.zalora.co.id/p/converse-speed-3-backpack-purple-4681360
Hush Puppies,Rica Backpack L,1399000,5.0,https://www.zalora.co.id/p/converse-go-lo-backpack-purple-4681357
Hush Puppies,Qiunton Backpack,3599000,0.0,https://www.zalora.co.id/p/converse-go-lo-backpack-grey-4681361
Hush Puppies,Stephon Backpack,999000,0.0,https://www.zalora.co.id/p/converse-speed-3-backpack-beige-4681356
Hush Puppies,Ryla Tote (L),0,0.0,https://www.zalora.co.id/p/converse-speed-3-backpack-grey-4681358
Nike,Heritage Drawstring Bag,0,4.9,https://www.zalora.co.id/p/nike-older-kids-backpack-25l-red-4674503
Nike,Elemental Premium Fanny Pack (8L),0,4.5,https://www.zalora.co.id/p/hush-puppies-peppy-backpack-pink-4382477
Nike,Elemental Premium Duffel Bag (45L),0,0.0,https://www.zalora.co.id/p/converse-wrinkle-backpack-navy-4760787
Nike,Women's Gym Club Duffel Bag (24L),0,5.0,https://www.zalora.co.id/p/under-armour-gametime-duffle-s-bag-black-3851685
Nike,"Heritage Retro Fanny Pack (Small, 1L)",0,4.9,https://www.zalora.co.id/p/under-armour-undeniable-5-0-medium-duffle-bag-navy-3155215
Obermain,Jacob Backpack-L,4699000,5.0,https://www.zalora.co.id/p/adidas-classic-seasonal-backpack-black-4719959
ADIDAS,Essentials 3-Stripes Small Duffel Bag,0,5.0,https://www.zalora.co.id/p/adidas-must-haves-shoulder-bag-black-4776860
Hush Puppies,Stephon Backpack,999000,0.0,https://www.zalora.co.id/p/converse-winterized-go-lo-backpack-black-4681362
Nike,Elemental Backpack (21L),0,5.0,https://www.zalora.co.id/p/hush-puppies-sage-backpack-navy-4687676
Hush Puppies,Ryla Tote (L),0,5.0,https://www.zalora.co.id/p/aldo-kaptai-backpack-black-4399773
ADIDAS,Waist Bag,0,0.0,https://www.zalora.co.id/p/aldo-marky-backpack-brown-4397103
Nike,Heritage Swoosh Backpack,0,0.0,https://www.zalora.co.id/p/nike-heritage-backpack-25l-green-4673844
Nike,Heritage Waistpack,0,4.9,https://www.zalora.co.id/p/adidas-ep-syst-team-duffel-bag-35l-black-4493593
Nike,Elemental Premium Crossbody Bag (4L),0,4.9,https://www.zalora.co.id/p/nike-sportswear-futura-365-women-s-mini-backpack-6l-brown-4673942
Hush Puppies,Elvis Backpack,999000,4.9,https://www.zalora.co.id/p/adidas-backpack-black-4493742
ADIDAS,City Explorer Small Bag,0,5.0,https://www.zalora.co.id/p/hush-puppies-tegan-backpack-black-4326083
ADIDAS,Endurance Packing System Waist Bag,500000,5.0,https://www.zalora.co.id/p/adidas-city-explorer-backpack-black-4719968
Nike,Elemental Premium Crossbody Bag (4L),0,4.9,https://www.zalora.co.id/p/nike-sportswear-futura-luxe-women-s-cross-body-bag-1l-green-4473103
Smiggle,Smiggle Beta Trolley Backpack With Light Up Wheels - IGL455787NAV,1799000,5.0,https://www.zalora.co.id/p/nike-sportswear-futura-365-faux-fur-crossbody-bag-1l-black-4674501
Smiggle,Smiggle Sonic The Hedgehog Classic Backpack - IGL456000CBL,1399000,0.0,https://www.zalora.co.id/p/adidas-pu-outline-trefoil-shoulder-bag-black-4493541
ADIDAS,4ATHLTS Small Duffel Bag,0,5.0,https://www.zalora.co.id/p/adidas-hybrid-waist-bag-grey-4776884
ADIDAS,Endurance Packing System Waist Bag,500000,5.0,https://www.zalora.co.id/p/adidas-vrst-backpack-black-4493861
Nike,Heritage Swoosh Backpack,0,0.0,https://www.zalora.co.id/p/adidas-classic-back-to-school-3-stripes-backpack-blue-4776883
Nike,Heritage Waistpack,0,4.9,/
Nike,Faux Fur Crossbody Bag,0,5.0,https://www.zalora.co.id/categories
Nike,"Heritage Crossbody Bag (Small, 1L)",369000,5.0,https://www.zalora.co.id/cart
ADIDAS,Adicolor Classic Round Bag,0,0.0,https://www.zalora.co.id/wishlist
Hush Puppies,Elvis Backpack,999000,4.9,/customer/account/index
ADIDAS,Small Adicolor Classic Backpack,0,5.0,https://www.zalora.co.id/p/smiggle-smiggle-limitless-backpack-trolley-with-light-up-wheels-igl455358blm-black-4582281
ADIDAS,Adicolor Backpack,600000,4.8,https://www.zalora.co.id/p/smiggle-smiggle-spider-man-classic-backpack-igl445075blk-black-black-4264002
Nike,Brasilia 9.5 Training Backpack (Medium),0,5.0,https://www.zalora.co.id/p/adidas-4athlts-duffel-bag-small-black-3188009
Hush Puppies,Rica Backpack L,1399000,4.9,https://www.zalora.co.id/p/adidas-adicolor-sacoche-bag-black-4149175
Nike,Sportswear Futura Faux Fur Mini Backpack (6L),0,5.0,https://www.zalora.co.id/p/adidas-classic-badge-of-sport-3-stripes-backpack-black-3552197
Nike,Heritage Backpack,0,4.9,https://www.zalora.co.id/p/converse-go-2-backpack-purple-4682567
ADIDAS,Classic Gen Z Backpack Extra Small,0,5.0,https://www.zalora.co.id/p/converse-go-2-backpack-black-4435706
ADIDAS,Small Airliner Bag,0,5.0,https://www.zalora.co.id/p/converse-straight-edge-backpack-black-4418100
ADIDAS,Adicolor Backpack,600000,4.9,https://www.zalora.co.id/p/converse-straight-edge-backpack-grey-4682563
ADIDAS,Premium Essentials Dad Cap,0,4.9,https://www.zalora.co.id/p/adidas-mini-airliner-bag-silver-4776890
Hush Puppies,Parker Chest Bag,2399000,5.0,https://www.zalora.co.id/p/converse-speed-3-backpack-purple-4681360
ADIDAS,Premium Essentials Waist Bag,0,4.8,https://www.zalora.co.id/p/converse-go-lo-backpack-purple-4681357
Hush Puppies,Elvis Backpack,999000,4.8,https://www.zalora.co.id/p/converse-go-lo-backpack-grey-4681361
Nike,Elemental Premium Duffel Bag (45L),0,0.0,https://www.zalora.co.id/p/converse-speed-3-backpack-beige-4681356
Nike,Brasilia 9.5 Training Gym Sack (18L),0,5.0,https://www.zalora.co.id/p/converse-speed-3-backpack-grey-4681358
ADIDAS,Asymmetrical Front Zipper Backpack,0,4.8,https://www.zalora.co.id/p/nike-older-kids-backpack-25l-red-4674503
Hush Puppies,Rica Backpack M,1299000,5.0,https://www.zalora.co.id/p/hush-puppies-peppy-backpack-pink-4382477
Hush Puppies,Abril Tote L,1399000,4.9,https://www.zalora.co.id/p/converse-wrinkle-backpack-navy-4760787
ADIDAS,Adicolor Classic Waist Bag,0,3.0,https://www.zalora.co.id/p/under-armour-gametime-duffle-s-bag-black-3851685
Hush Puppies,Maria Backpack,1999000,5.0,https://www.zalora.co.id/p/under-armour-undeniable-5-0-medium-duffle-bag-navy-3155215
Hush Puppies,Rica Backpack M,1299000,4.9,https://www.zalora.co.id/p/adidas-classic-seasonal-backpack-black-4719959
ADIDAS,Adicolor Classic Shopper Bag,0,4.4,https://www.zalora.co.id/p/adidas-must-haves-shoulder-bag-black-4776860
ADIDAS,Adicolor Archive Waist Bag,500000,5.0,https://www.zalora.co.id/p/converse-winterized-go-lo-backpack-black-4681362
ADIDAS,Power Backpack,0,4.9,https://www.zalora.co.id/p/hush-puppies-sage-backpack-navy-4687676
Hush Puppies,Mathie Tote L,1399000,5.0,https://www.zalora.co.id/p/aldo-kaptai-backpack-black-4399773
Hush Puppies,Steven Messenger Bag,799000,5.0,https://www.zalora.co.id/p/aldo-marky-backpack-brown-4397103
ADIDAS,Classic Badge Of Sport Backpack,0,5.0,https://www.zalora.co.id/p/nike-heritage-backpack-25l-green-4673844
ADIDAS,Adicolor Backpack,600000,4.9,https://www.zalora.co.id/p/adidas-ep-syst-team-duffel-bag-35l-black-4493593
Smiggle,Smiggle Limitless Backpack Trolley With Light Up Wheels - IGL455358BLM,1799000,5.0,https://www.zalora.co.id/p/nike-sportswear-futura-365-women-s-mini-backpack-6l-brown-4673942
Smiggle,Smiggle Spider-Man Classic Backpack - IGL445075BLK - Black,0,5.0,https://www.zalora.co.id/p/adidas-backpack-black-4493742
Hush Puppies,Brigitte Sling M,1199000,5.0,https://www.zalora.co.id/p/hush-puppies-tegan-backpack-black-4326083
ADIDAS,Sport Waist Bag,0,0.0,https://www.zalora.co.id/p/adidas-city-explorer-backpack-black-4719968
Hush Puppies,Kiko Backpack,2999000,5.0,https://www.zalora.co.id/p/nike-sportswear-futura-luxe-women-s-cross-body-bag-1l-green-4473103
ADIDAS,adicolor backpack,600000,4.9,https://www.zalora.co.id/p/nike-sportswear-futura-365-faux-fur-crossbody-bag-1l-black-4674501
Hush Puppies,Michael Backpack,2599000,5.0,https://www.zalora.co.id/p/adidas-pu-outline-trefoil-shoulder-bag-black-4493541
Hush Puppies,Merric Chest Bag,1999000,0.0,https://www.zalora.co.id/p/adidas-hybrid-waist-bag-grey-4776884
ADIDAS,Sportswear Medium Duffel Bag,0,0.0,https://www.zalora.co.id/p/adidas-vrst-backpack-black-4493861
ADIDAS,denim shoulder bag,800000,0.0,https://www.zalora.co.id/p/adidas-classic-back-to-school-3-stripes-backpack-blue-4776883
ADIDAS,Essentials Backpack Classic,0,4.5,/
Nike,Heritage Backpack (25L),0,5.0,https://www.zalora.co.id/categories
ADIDAS,Essentials Organizer,250000,4.8,https://www.zalora.co.id/cart
ADIDAS,4ATHLTS Large Duffel Bag,0,0.0,https://www.zalora.co.id/wishlist
ADIDAS,Adicolor Classic Festival Bag,400000,5.0,/customer/account/index
Hush Puppies,Monet Shoulder M,1199000,0.0,https://www.zalora.co.id/p/smiggle-smiggle-limitless-backpack-trolley-with-light-up-wheels-igl455358blm-black-4582281
ADIDAS,Classic Badge Of Sport Backpack,0,5.0,https://www.zalora.co.id/p/smiggle-smiggle-spider-man-classic-backpack-igl445075blk-black-black-4264002
ADIDAS,Adicolor Backpack,600000,4.9,https://www.zalora.co.id/p/adidas-4athlts-duffel-bag-small-black-3188009
Hush Puppies,Shell Backpack,999000,5.0,https://www.zalora.co.id/p/adidas-adicolor-sacoche-bag-black-4149175
Hush Puppies,Stanlee Backpack,999000,0.0,https://www.zalora.co.id/p/adidas-classic-badge-of-sport-3-stripes-backpack-black-3552197
Nike,Classic Kids' Backpack (16L),0,5.0,https://www.zalora.co.id/p/converse-go-2-backpack-purple-4682567
Hush Puppies,Lexis Backpack,1999000,0.0,https://www.zalora.co.id/p/converse-go-2-backpack-black-4435706
ADIDAS,Premium Essentials Waist Bag,600000,4.8,https://www.zalora.co.id/p/converse-straight-edge-backpack-black-4418100
Hush Puppies,Stanlee Backpack,999000,0.0,https://www.zalora.co.id/p/converse-straight-edge-backpack-grey-4682563
Hush Puppies,Maple Backpack,2599000,5.0,https://www.zalora.co.id/p/adidas-mini-airliner-bag-silver-4776890
Hush Puppies,Simon Chest Bag,799000,5.0,https://www.zalora.co.id/p/converse-speed-3-backpack-purple-4681360
Nike,Futura 365 Crossbody Bag (L),0,4.9,https://www.zalora.co.id/p/converse-go-lo-backpack-purple-4681357
Obermain,Jeremy Chest Bag,2299000,0.0,https://www.zalora.co.id/p/converse-go-lo-backpack-grey-4681361
Nike,Brasilia 9.5 Drawstring Bag (18L),329000,5.0,https://www.zalora.co.id/p/converse-speed-3-backpack-beige-4681356
Nike,"Brasilia Backpack (Medium, 24L)",589000,4.9,https://www.zalora.co.id/p/converse-speed-3-backpack-grey-4681358
Hush Puppies,Owen Backpack,2599000,0.0,https://www.zalora.co.id/p/nike-older-kids-backpack-25l-red-4674503
Hush Puppies,Jazzlyn Hobo M,1199000,4.9,https://www.zalora.co.id/p/hush-puppies-peppy-backpack-pink-4382477
ADIDAS,adicolor classic waist bag,0,3.0,https://www.zalora.co.id/p/converse-wrinkle-backpack-navy-4760787
Hush Puppies,Maryam Backpack,0,5.0,https://www.zalora.co.id/p/under-armour-gametime-duffle-s-bag-black-3851685
Hush Puppies,Pluto Backpack,2599000,0.0,https://www.zalora.co.id/p/under-armour-undeniable-5-0-medium-duffle-bag-navy-3155215
Nike,Brasilia 9.5 Drawstring Bag (18L),329000,5.0,https://www.zalora.co.id/p/adidas-classic-seasonal-backpack-black-4719959
ADIDAS,Gym Sack,0,0.0,https://www.zalora.co.id/p/adidas-must-haves-shoulder-bag-black-4776860
Hush Puppies,Katelyn Backpack (L),0,0.0,https://www.zalora.co.id/p/converse-winterized-go-lo-backpack-black-4681362
Smiggle,Smiggle Limitless Backpack Trolley With Light Up Wheels - IGL455358BLM,1799000,5.0,https://www.zalora.co.id/p/hush-puppies-sage-backpack-navy-4687676
Smiggle,Smiggle Spider-Man Classic Backpack - IGL445075BLK - Black,0,5.0,https://www.zalora.co.id/p/aldo-kaptai-backpack-black-4399773
ADIDAS,Adicolor Classic Small Item Bag,0,0.0,https://www.zalora.co.id/p/aldo-marky-backpack-brown-4397103
Hush Puppies,Simon Chest Bag,799000,5.0,https://www.zalora.co.id/p/nike-heritage-backpack-25l-green-4673844
Obermain,Jeremy Chest Bag,2299000,0.0,https://www.zalora.co.id/p/adidas-ep-syst-team-duffel-bag-35l-black-4493593
Hush Puppies,Sunny Backpack,999000,5.0,https://www.zalora.co.id/p/nike-sportswear-futura-365-women-s-mini-backpack-6l-brown-4673942
Nike,Faux Fur Backpack (11L),0,5.0,https://www.zalora.co.id/p/adidas-backpack-black-4493742
ADIDAS,adicolor classic waist bag,0,3.0,https://www.zalora.co.id/p/hush-puppies-tegan-backpack-black-4326083
ADIDAS,Adicolor Classic Small Item Bag,0,0.0,https://www.zalora.co.id/p/adidas-city-explorer-backpack-black-4719968
Nike,Sportswear Puffle Tote Bag (24L),1049000,5.0,https://www.zalora.co.id/p/nike-sportswear-futura-luxe-women-s-cross-body-bag-1l-green-4473103
Hush Puppies,Pluto Backpack,2599000,0.0,https://www.zalora.co.id/p/nike-sportswear-futura-365-faux-fur-crossbody-bag-1l-black-4674501
Hush Puppies,Katelyn Backpack (L),0,0.0,https://www.zalora.co.id/p/adidas-pu-outline-trefoil-shoulder-bag-black-4493541
ADIDAS,essentials linear backpack,0,5.0,https://www.zalora.co.id/p/adidas-hybrid-waist-bag-grey-4776884
ADIDAS,premium essentials festival bag,0,4.9,https://www.zalora.co.id/p/adidas-vrst-backpack-black-4493861
ADIDAS,Must Haves Tote Bag,0,0.0,https://www.zalora.co.id/p/adidas-classic-back-to-school-3-stripes-backpack-blue-4776883
ADIDAS,Premium Essentials Backpack,0,4.9,/
Hush Puppies,Pluto Backpack,2599000,0.0,https://www.zalora.co.id/categories
ADIDAS,Adicolor Classic Airline Bag,0,0.0,https://www.zalora.co.id/cart
ADIDAS,Adicolor Classic Airline Bag,0,0.0,https://www.zalora.co.id/wishlist
ADIDAS,essentials linear duffel bag extra small,0,4.8,/customer/account/index
ADIDAS,Mini Airliner Bag,0,0.0,https://www.zalora.co.id/p/smiggle-smiggle-limitless-backpack-trolley-with-light-up-wheels-igl455358blm-black-4582281
ADIDAS,adidas glow backpack xs,0,5.0,https://www.zalora.co.id/p/smiggle-smiggle-spider-man-classic-backpack-igl445075blk-black-black-4264002
ADIDAS,essentials linear backpack,0,5.0,https://www.zalora.co.id/p/adidas-4athlts-duffel-bag-small-black-3188009
ADIDAS,Adicolor Backpack,600000,4.8,https://www.zalora.co.id/p/adidas-adicolor-sacoche-bag-black-4149175
ADIDAS,Trefoil Gym Sack,280000,4.9,https://www.zalora.co.id/p/adidas-classic-badge-of-sport-3-stripes-backpack-black-3552197
Hush Puppies,Katelyn Backpack (M),0,0.0,https://www.zalora.co.id/p/converse-go-2-backpack-purple-4682567
ADIDAS,Linear Essentials Backpack,0,0.0,https://www.zalora.co.id/p/converse-go-2-backpack-black-4435706
ADIDAS,adicolor classic round bag,0,0.0,https://www.zalora.co.id/p/converse-straight-edge-backpack-black-4418100
Hush Puppies,Katelyn Backpack (L),0,0.0,https://www.zalora.co.id/p/converse-straight-edge-backpack-grey-4682563
ADIDAS,Monogram Festival Bag,400000,3.8,https://www.zalora.co.id/p/adidas-mini-airliner-bag-silver-4776890
Hush Puppies,Katelyn Backpack (L),0,0.0,https://www.zalora.co.id/p/converse-speed-3-backpack-purple-4681360
ADIDAS,adidas glow backpack xs,0,5.0,https://www.zalora.co.id/p/converse-go-lo-backpack-purple-4681357
ADIDAS,Must Haves Backpack,0,4.7,https://www.zalora.co.id/p/converse-go-lo-backpack-grey-4681361
ADIDAS,Essentials Organizer,0,4.9,https://www.zalora.co.id/p/converse-speed-3-backpack-beige-4681356
Hush Puppies,Darlene Backpack M,1399000,4.9,https://www.zalora.co.id/p/converse-speed-3-backpack-grey-4681358
ADIDAS,Adicolor Backpack,1200000,5.0,https://www.zalora.co.id/p/nike-older-kids-backpack-25l-red-4674503
Hush Puppies,Ebba Backpack,999000,4.8,https://www.zalora.co.id/p/hush-puppies-peppy-backpack-pink-4382477
Nike,"Heritage Crossbody Bag (Small, 1L)",0,5.0,https://www.zalora.co.id/p/converse-wrinkle-backpack-navy-4760787
Smiggle,Smiggle Limitless Backpack Trolley With Light Up Wheels - IGL455358BLM,1799000,5.0,https://www.zalora.co.id/p/under-armour-gametime-duffle-s-bag-black-3851685
Smiggle,Smiggle Spider-Man Classic Backpack - IGL445075BLK - Black,0,5.0,https://www.zalora.co.id/p/under-armour-undeniable-5-0-medium-duffle-bag-navy-3155215
Hush Puppies,Dava Backpack,1299000,4.9,https://www.zalora.co.id/p/adidas-classic-seasonal-backpack-black-4719959
Nike,Hike Day Pack (24L),849000,0.0,https://www.zalora.co.id/p/adidas-must-haves-shoulder-bag-black-4776860
Hush Puppies,Mack Backpack,1599000,5.0,https://www.zalora.co.id/p/converse-winterized-go-lo-backpack-black-4681362
Nike,Heritage Waistpack,329000,5.0,https://www.zalora.co.id/p/hush-puppies-sage-backpack-navy-4687676
Hush Puppies,Veron Backpack L,1399000,5.0,https://www.zalora.co.id/p/aldo-kaptai-backpack-black-4399773
Nike,"Heritage Crossbody Bag (Small, 1L)",259000,5.0,https://www.zalora.co.id/p/aldo-marky-backpack-brown-4397103
ADIDAS,Adicolor Festival Bag,400000,5.0,https://www.zalora.co.id/p/nike-heritage-backpack-25l-green-4673844
Hush Puppies,Katelyn Backpack (M),0,0.0,https://www.zalora.co.id/p/adidas-ep-syst-team-duffel-bag-35l-black-4493593
Hush Puppies,Katelyn Backpack (M),0,0.0,https://www.zalora.co.id/p/nike-sportswear-futura-365-women-s-mini-backpack-6l-brown-4673942
Hush Puppies,Ranger Clutch,2399000,0.0,https://www.zalora.co.id/p/adidas-backpack-black-4493742
Hush Puppies,Westie Backpack M,1399000,5.0,https://www.zalora.co.id/p/hush-puppies-tegan-backpack-black-4326083
Hush Puppies,Orton Backpack,1599000,0.0,https://www.zalora.co.id/p/adidas-city-explorer-backpack-black-4719968
Hush Puppies,Veron Backpack M,1299000,5.0,https://www.zalora.co.id/p/nike-sportswear-futura-luxe-women-s-cross-body-bag-1l-green-4473103
Hush Puppies,Darlene Backpack L,1499000,5.0,https://www.zalora.co.id/p/nike-sportswear-futura-365-faux-fur-crossbody-bag-1l-black-4674501
Hush Puppies,Morris Backpack,2599000,5.0,https://www.zalora.co.id/p/adidas-pu-outline-trefoil-shoulder-bag-black-4493541
ADIDAS,Classic Badge of Sport 3-Stripes Backpack,0,4.9,https://www.zalora.co.id/p/adidas-hybrid-waist-bag-grey-4776884
Hush Puppies,Darlene Backpack L,1499000,5.0,https://www.zalora.co.id/p/adidas-vrst-backpack-black-4493861
Hush Puppies,Raiden Clutch,2599000,0.0,https://www.zalora.co.id/p/adidas-classic-back-to-school-3-stripes-backpack-blue-4776883
Hush Puppies,Dava Backpack,1299000,5.0,/
Hush Puppies,Miki Backpack,1999000,0.0,https://www.zalora.co.id/categories
ADIDAS,Sport Festival Bag,520000,0.0,https://www.zalora.co.id/cart
Nike,Sportswear Women's Futura 365 Crossbody Bag (3L),0,4.9,https://www.zalora.co.id/wishlist
Hush Puppies,Maryam Backpack,1299000,5.0,/customer/account/index
Hush Puppies,Aiger Backpack (S),1199000,5.0,https://www.zalora.co.id/p/smiggle-smiggle-limitless-backpack-trolley-with-light-up-wheels-igl455358blm-black-4582281
Hush Puppies,Ebba Backpack,999000,4.9,https://www.zalora.co.id/p/smiggle-smiggle-spider-man-classic-backpack-igl445075blk-black-black-4264002
Nike,Aura Crossbody Bag (2L),0,4.9,https://www.zalora.co.id/p/adidas-4athlts-duffel-bag-small-black-3188009
Hush Puppies,Veron Backpack L,1399000,5.0,https://www.zalora.co.id/p/adidas-adicolor-sacoche-bag-black-4149175
Hush Puppies,Echo Backpack,999000,5.0,https://www.zalora.co.id/p/adidas-classic-badge-of-sport-3-stripes-backpack-black-3552197
Hush Puppies,Aiger Backpack (M),1299000,5.0,https://www.zalora.co.id/p/converse-go-2-backpack-purple-4682567
ALDO,Bentley Backpack,1499000,5.0,https://www.zalora.co.id/p/converse-go-2-backpack-black-4435706
Hush Puppies,Echo Backpack,999000,5.0,https://www.zalora.co.id/p/converse-straight-edge-backpack-black-4418100
Hush Puppies,Orton Backpack,1599000,5.0,https://www.zalora.co.id/p/converse-straight-edge-backpack-grey-4682563
ADIDAS,Premium Essentials Festival Bag,500000,4.9,https://www.zalora.co.id/p/adidas-mini-airliner-bag-silver-4776890
Hush Puppies,Elissa Backpack,999000,5.0,https://www.zalora.co.id/p/converse-speed-3-backpack-purple-4681360
Hush Puppies,Chick Backpack (M),1399000,5.0,https://www.zalora.co.id/p/converse-go-lo-backpack-purple-4681357
Hush Puppies,Patty Tote (L),1399000,4.9,https://www.zalora.co.id/p/converse-go-lo-backpack-grey-4681361
Smiggle,Smiggle Beta Trolley Backpack With Light Up Wheels - IGL455787NAV,1799000,5.0,https://www.zalora.co.id/p/converse-speed-3-backpack-beige-4681356
Smiggle,Smiggle Sonic The Hedgehog Classic Backpack - IGL456000CBL,1399000,0.0,https://www.zalora.co.id/p/converse-speed-3-backpack-grey-4681358
Hush Puppies,Sandros Messenger Bag,0,4.9,https://www.zalora.co.id/p/nike-older-kids-backpack-25l-red-4674503
Hush Puppies,Darlene Backpack L,1499000,5.0,https://www.zalora.co.id/p/hush-puppies-peppy-backpack-pink-4382477
ADIDAS,Adidas Womens Gym Backpack,800000,0.0,https://www.zalora.co.id/p/converse-wrinkle-backpack-navy-4760787
Hush Puppies,Chick Backpack (M),1399000,5.0,https://www.zalora.co.id/p/under-armour-gametime-duffle-s-bag-black-3851685
Hush Puppies,Ebba Backpack,999000,5.0,https://www.zalora.co.id/p/under-armour-undeniable-5-0-medium-duffle-bag-navy-3155215
Hush Puppies,Marly Backpack,1999000,0.0,https://www.zalora.co.id/p/adidas-classic-seasonal-backpack-black-4719959
Hush Puppies,Aiger Backpack (S),1199000,4.9,https://www.zalora.co.id/p/adidas-must-haves-shoulder-bag-black-4776860
Hush Puppies,Shell Backpack,999000,0.0,https://www.zalora.co.id/p/converse-winterized-go-lo-backpack-black-4681362
Hush Puppies,Veron Backpack L,1399000,5.0,https://www.zalora.co.id/p/hush-puppies-sage-backpack-navy-4687676
Hush Puppies,Chick Backpack (L),1499000,5.0,https://www.zalora.co.id/p/aldo-kaptai-backpack-black-4399773
Hush Puppies,Chick Backpack (L),1499000,5.0,https://www.zalora.co.id/p/aldo-marky-backpack-brown-4397103
Hush Puppies,Darlene Backpack M,1399000,5.0,https://www.zalora.co.id/p/nike-heritage-backpack-25l-green-4673844
Hush Puppies,Westie Backpack M,1399000,0.0,https://www.zalora.co.id/p/adidas-ep-syst-team-duffel-bag-35l-black-4493593
Hush Puppies,Westie Backpack L,1499000,0.0,https://www.zalora.co.id/p/nike-sportswear-futura-365-women-s-mini-backpack-6l-brown-4673942
Hush Puppies,Stanlee Backpack,999000,0.0,https://www.zalora.co.id/p/adidas-backpack-black-4493742
Hush Puppies,Elissa Backpack,999000,5.0,https://www.zalora.co.id/p/hush-puppies-tegan-backpack-black-4326083
Hush Puppies,Laurent Backpack,1199000,5.0,https://www.zalora.co.id/p/adidas-city-explorer-backpack-black-4719968
Hush Puppies,Darlene Backpack M,1399000,5.0,https://www.zalora.co.id/p/nike-sportswear-futura-luxe-women-s-cross-body-bag-1l-green-4473103
Hush Puppies,Millie Backpack,2999000,5.0,https://www.zalora.co.id/p/nike-sportswear-futura-365-faux-fur-crossbody-bag-1l-black-4674501
Hush Puppies,Sunny Backpack,999000,5.0,https://www.zalora.co.id/p/adidas-pu-outline-trefoil-shoulder-bag-black-4493541
Hush Puppies,Owen Backpack,2599000,0.0,https://www.zalora.co.id/p/adidas-hybrid-waist-bag-grey-4776884
ADIDAS,Small Adicolor Classic Backpack,1500000,5.0,https://www.zalora.co.id/p/adidas-vrst-backpack-black-4493861
Hush Puppies,Dava Backpack,1299000,5.0,https://www.zalora.co.id/p/adidas-classic-back-to-school-3-stripes-backpack-blue-4776883
Hush Puppies,Veron Backpack M,1299000,5.0,/
Hush Puppies,Westie Backpack L,1499000,5.0,https://www.zalora.co.id/categories
Hush Puppies,Westie Backpack M,1399000,0.0,https://www.zalora.co.id/cart
Hush Puppies,Lawrence Backpack,2599000,0.0,https://www.zalora.co.id/wishlist
Hush Puppies,Aiger Backpack (M),1299000,4.7,/customer/account/index
Hush Puppies,Aiger Backpack (S),1199000,5.0,https://www.zalora.co.id/p/smiggle-smiggle-limitless-backpack-trolley-with-light-up-wheels-igl455358blm-black-4582281
Hush Puppies,Westie Backpack L,1499000,5.0,https://www.zalora.co.id/p/smiggle-smiggle-spider-man-classic-backpack-igl445075blk-black-black-4264002
Hush Puppies,Veron Backpack M,1299000,5.0,https://www.zalora.co.id/p/adidas-4athlts-duffel-bag-small-black-3188009
Under Armour,Undeniable Signature Duffle Bag,0,4.8,https://www.zalora.co.id/p/adidas-adicolor-sacoche-bag-black-4149175
ADIDAS,Gym High-Intensity Pouch,500000,4.9,https://www.zalora.co.id/p/adidas-classic-badge-of-sport-3-stripes-backpack-black-3552197
Hush Puppies,Chick Backpack (L),1499000,5.0,https://www.zalora.co.id/p/converse-go-2-backpack-purple-4682567
Hush Puppies,Owen Backpack,2599000,0.0,https://www.zalora.co.id/p/converse-go-2-backpack-black-4435706
Hush Puppies,Aiger Backpack (M),1299000,5.0,https://www.zalora.co.id/p/converse-straight-edge-backpack-black-4418100
Smiggle,Smiggle Limitless Backpack Trolley With Light Up Wheels - IGL455358BLM,1799000,5.0,https://www.zalora.co.id/p/converse-straight-edge-backpack-grey-4682563
Smiggle,Smiggle Spider-Man Classic Backpack - IGL445075BLK - Black,0,5.0,https://www.zalora.co.id/p/adidas-mini-airliner-bag-silver-4776890
ADIDAS,essentials linear duffel bag medium,580000,5.0,https://www.zalora.co.id/p/converse-speed-3-backpack-purple-4681360
Hush Puppies,Westie Backpack L,1499000,5.0,https://www.zalora.co.id/p/converse-go-lo-backpack-purple-4681357
Hush Puppies,Mia Clutch,2399000,5.0,https://www.zalora.co.id/p/converse-go-lo-backpack-grey-4681361
ADIDAS,Gym High-Intensity Pouch,500000,4.9,https://www.zalora.co.id/p/converse-speed-3-backpack-beige-4681356
Nike,Brasilia Kids' Backpack (18L),0,5.0,https://www.zalora.co.id/p/converse-speed-3-backpack-grey-4681358
LONGCHAMP,Le Pliage City M Tote Bag (tr),6329000,0.0,https://www.zalora.co.id/p/nike-older-kids-backpack-25l-red-4674503
Hush Puppies,Oline Tote,1199000,4.9,https://www.zalora.co.id/p/hush-puppies-peppy-backpack-pink-4382477
Hush Puppies,Skippy Waist Bag,799000,5.0,https://www.zalora.co.id/p/converse-wrinkle-backpack-navy-4760787
Hush Puppies,Sandros Messenger Bag,799000,5.0,https://www.zalora.co.id/p/under-armour-gametime-duffle-s-bag-black-3851685
Hush Puppies,Oline Tote,1199000,5.0,https://www.zalora.co.id/p/under-armour-undeniable-5-0-medium-duffle-bag-navy-3155215
Under Armour,UA Undeniable 5.0 Duffle MD Bag,899000,4.9,https://www.zalora.co.id/p/adidas-classic-seasonal-backpack-black-4719959
ADIDAS,Classic Foundation Waist Bag,300000,5.0,https://www.zalora.co.id/p/adidas-must-haves-shoulder-bag-black-4776860
Lauren,Danni Crosshatch Medium Shoulder Bag 26 (cq),5739000,0.0,https://www.zalora.co.id/p/converse-winterized-go-lo-backpack-black-4681362
Hush Puppies,Pino Messenger Bag,2399000,0.0,https://www.zalora.co.id/p/hush-puppies-sage-backpack-navy-4687676
Coccinelle,Eclyps Medium Shoulder Bag,9496000,0.0,https://www.zalora.co.id/p/aldo-kaptai-backpack-black-4399773
Hush Puppies,Sienna Hobo M,1199000,5.0,https://www.zalora.co.id/p/aldo-marky-backpack-brown-4397103
Hush Puppies,Palmer Sling Bag,1999000,0.0,https://www.zalora.co.id/p/nike-heritage-backpack-25l-green-4673844
Hush Puppies,Easter Chest Bag,799000,5.0,https://www.zalora.co.id/p/adidas-ep-syst-team-duffel-bag-35l-black-4493593
Hush Puppies,Yammy Tote,1199000,5.0,https://www.zalora.co.id/p/nike-sportswear-futura-365-women-s-mini-backpack-6l-brown-4673942
Hush Puppies,Qiunton Chest Bag,1999000,5.0,https://www.zalora.co.id/p/adidas-backpack-black-4493742
Obermain,Briley Backpack,1699000,5.0,https://www.zalora.co.id/p/hush-puppies-tegan-backpack-black-4326083
Hush Puppies,Noma Clutch,2399000,5.0,https://www.zalora.co.id/p/adidas-city-explorer-backpack-black-4719968
Hush Puppies,Elvis Backpack,999000,4.9,https://www.zalora.co.id/p/nike-sportswear-futura-luxe-women-s-cross-body-bag-1l-green-4473103
Nike,Faux Fur Backpack (11L),0,5.0,https://www.zalora.co.id/p/nike-sportswear-futura-365-faux-fur-crossbody-bag-1l-black-4674501
Hush Puppies,Coreen Satchel M,1699000,5.0,https://www.zalora.co.id/p/adidas-pu-outline-trefoil-shoulder-bag-black-4493541
Obermain,Briley Backpack,1699000,5.0,https://www.zalora.co.id/p/adidas-hybrid-waist-bag-grey-4776884
Hush Puppies,Ayla Tote L,1399000,5.0,https://www.zalora.co.id/p/adidas-vrst-backpack-black-4493861
Coccinelle,Dorian Puffy Smooth Medium Shoulder Bag,7664300,0.0,https://www.zalora.co.id/p/adidas-classic-back-to-school-3-stripes-backpack-blue-4776883
Obermain,Josh Backpack,3299000,5.0,/
ALDO,Dionne Shoulder Bag,1509000,5.0,https://www.zalora.co.id/categories
Obermain,Astro Backpack,3299000,0.0,https://www.zalora.co.id/cart
Hush Puppies,Eston Tote Bag,999000,4.9,https://www.zalora.co.id/wishlist
Hush Puppies,Coreen Satchel L,1799000,4.9,/customer/account/index
ALDO,Elizabelle Tote Bag,1429000,0.0,https://www.zalora.co.id/p/smiggle-smiggle-limitless-backpack-trolley-with-light-up-wheels-igl455358blm-black-4582281
Nike,Faux Fur Backpack (11L),0,5.0,https://www.zalora.co.id/p/smiggle-smiggle-spider-man-classic-backpack-igl445075blk-black-black-4264002
Obermain,Lake Backpack,0,0.0,https://www.zalora.co.id/p/adidas-4athlts-duffel-bag-small-black-3188009
Smiggle,Smiggle Limitless Backpack Trolley With Light Up Wheels - IGL455358BLM,1799000,5.0,https://www.zalora.co.id/p/adidas-adicolor-sacoche-bag-black-4149175
Smiggle,Smiggle Spider-Man Classic Backpack - IGL445075BLK - Black,0,5.0,https://www.zalora.co.id/p/adidas-classic-badge-of-sport-3-stripes-backpack-black-3552197
Coccinelle,Oliver Shoulder Bag,6619170,0.0,https://www.zalora.co.id/p/converse-go-2-backpack-purple-4682567
ALDO,Dionne Shoulder Bag,1509000,5.0,https://www.zalora.co.id/p/converse-go-2-backpack-black-4435706
ALDO,Dionne Shoulder Bag,1509000,5.0,https://www.zalora.co.id/p/converse-straight-edge-backpack-black-4418100
Hush Puppies,Coreen Satchel M,1699000,5.0,https://www.zalora.co.id/p/converse-straight-edge-backpack-grey-4682563
Obermain,Lake Backpack,0,0.0,https://www.zalora.co.id/p/adidas-mini-airliner-bag-silver-4776890
Nike,Older Kids' Backpack (25L),0,5.0,https://www.zalora.co.id/p/converse-speed-3-backpack-purple-4681360
Hush Puppies,Ayla Tote L,1399000,5.0,https://www.zalora.co.id/p/converse-go-lo-backpack-purple-4681357
ADIDAS,Originals X Andrã© Saraiva Shopper Bag,900000,0.0,https://www.zalora.co.id/p/converse-go-lo-backpack-grey-4681361
Obermain,Brad Backpack - L,4699000,5.0,https://www.zalora.co.id/p/converse-speed-3-backpack-beige-4681356
agnès b.,Leather Top-Handle Bag,6989000,0.0,https://www.zalora.co.id/p/converse-speed-3-backpack-grey-4681358
Coccinelle,Boheme Grana Double Shoulder Bag,10421000,0.0,https://www.zalora.co.id/p/nike-older-kids-backpack-25l-red-4674503
TORY BURCH,Emerson Tote Bag (bb),11619000,0.0,https://www.zalora.co.id/p/hush-puppies-peppy-backpack-pink-4382477
Hush Puppies,Ayla Tote M,1299000,5.0,https://www.zalora.co.id/p/converse-wrinkle-backpack-navy-4760787
ALDO,Elizabelle Tote Bag,1429000,0.0,https://www.zalora.co.id/p/under-armour-gametime-duffle-s-bag-black-3851685
TORY BURCH,Britten Small Satchel Bag (bb),15979000,0.0,https://www.zalora.co.id/p/under-armour-undeniable-5-0-medium-duffle-bag-navy-3155215
ALDO,Riiri Tote Bag,1219000,5.0,https://www.zalora.co.id/p/adidas-classic-seasonal-backpack-black-4719959
VERSACE JEANS COUTURE,Stud Quilted Sling Bag (nt),4549000,0.0,https://www.zalora.co.id/p/adidas-must-haves-shoulder-bag-black-4776860
Hush Puppies,Smith Messenger Bag,799000,4.9,https://www.zalora.co.id/p/converse-winterized-go-lo-backpack-black-4681362
Coccinelle,Liya Medium Top-Handle Bag,7664300,5.0,https://www.zalora.co.id/p/hush-puppies-sage-backpack-navy-4687676
Hush Puppies,Steven Messenger Bag,799000,0.0,https://www.zalora.co.id/p/aldo-kaptai-backpack-black-4399773
Nike,Elemental Kids' Backpack (20L),0,5.0,https://www.zalora.co.id/p/aldo-marky-backpack-brown-4397103
Hush Puppies,Phillip Chest Bag,2399000,5.0,https://www.zalora.co.id/p/nike-heritage-backpack-25l-green-4673844
Coccinelle,Beat Soft Medium Top-Handle Bag,8236000,0.0,https://www.zalora.co.id/p/adidas-ep-syst-team-duffel-bag-35l-black-4493593
ADIDAS,MINI DUFFLE BAG,0,0.0,https://www.zalora.co.id/p/nike-sportswear-futura-365-women-s-mini-backpack-6l-brown-4673942
TORY BURCH,Kira Chevron Small Shoulder Bag (nt),15769000,0.0,https://www.zalora.co.id/p/adidas-backpack-black-4493742
agnès b.,Leather Top-Handle Bag,5819000,0.0,https://www.zalora.co.id/p/hush-puppies-tegan-backpack-black-4326083
Coccinelle,Arlettis Signature Small Top-Handle Bag,6096600,0.0,https://www.zalora.co.id/p/adidas-city-explorer-backpack-black-4719968
BOSS,Double B Monogram Twill Belt Bag - BOSS Business,3489000,0.0,https://www.zalora.co.id/p/nike-sportswear-futura-luxe-women-s-cross-body-bag-1l-green-4473103
Hush Puppies,Mindee Shoulder,999000,4.9,https://www.zalora.co.id/p/nike-sportswear-futura-365-faux-fur-crossbody-bag-1l-black-4674501
Coccinelle,Kelsey Zip-Around Wallet,2612830,0.0,https://www.zalora.co.id/p/adidas-pu-outline-trefoil-shoulder-bag-black-4493541
Hush Puppies,Delfina Satchel L,1399000,5.0,https://www.zalora.co.id/p/adidas-hybrid-waist-bag-grey-4776884
Under Armour,UA Undeniable 5.0 Duffle SM Bag,809000,4.9,https://www.zalora.co.id/p/adidas-vrst-backpack-black-4493861
ADIDAS,4ATHLTS Organizer,480000,4.8,https://www.zalora.co.id/p/adidas-classic-back-to-school-3-stripes-backpack-blue-4776883
Obermain,Jarod Sling Bag-L,3299000,5.0,/
ALDO,Comarid Tote Bag,1869000,0.0,https://www.zalora.co.id/categories
ALDO,Yadode Quilted Crossbody Bag,1129000,5.0,https://www.zalora.co.id/cart
Smiggle,Smiggle Beta Trolley Backpack With Light Up Wheels - IGL455787NAV,1799000,5.0,https://www.zalora.co.id/wishlist
Smiggle,Smiggle Sonic The Hedgehog Classic Backpack - IGL456000CBL,1399000,0.0,/customer/account/index
Coccinelle,Beat Soft Ribbon Small Crossbody Bag,7479000,5.0,https://www.zalora.co.id/p/smiggle-smiggle-limitless-backpack-trolley-with-light-up-wheels-igl455358blm-black-4582281
Coccinelle,Liya Medium Top-Handle Bag,7664300,5.0,https://www.zalora.co.id/p/smiggle-smiggle-spider-man-classic-backpack-igl445075blk-black-black-4264002
ADIDAS,4ATHLTS Organizer,480000,4.8,https://www.zalora.co.id/p/adidas-4athlts-duffel-bag-small-black-3188009
Hush Puppies,Michael Sling Bag,1999000,0.0,https://www.zalora.co.id/p/adidas-adicolor-sacoche-bag-black-4149175
ADIDAS,Essentials Training Shoulder Bag,0,4.7,https://www.zalora.co.id/p/adidas-classic-badge-of-sport-3-stripes-backpack-black-3552197
Hush Puppies,Elan Messenger Bag,799000,4.9,https://www.zalora.co.id/p/converse-go-2-backpack-purple-4682567
Hush Puppies,Maui Chest Bag,2399000,5.0,https://www.zalora.co.id/p/converse-go-2-backpack-black-4435706
Hush Puppies,Mindee Shoulder,999000,4.9,https://www.zalora.co.id/p/converse-straight-edge-backpack-black-4418100
Obermain,Briley Backpack,1699000,5.0,https://www.zalora.co.id/p/converse-straight-edge-backpack-grey-4682563
Hush Puppies,Owen Chest Bag,1999000,0.0,https://www.zalora.co.id/p/adidas-mini-airliner-bag-silver-4776890
Hush Puppies,Margot Tote L,1399000,5.0,https://www.zalora.co.id/p/converse-speed-3-backpack-purple-4681360
Hush Puppies,Patty Tote (M),1299000,5.0,https://www.zalora.co.id/p/converse-go-lo-backpack-purple-4681357
ALDO,Contedennon Crossbody Bag,1259000,0.0,https://www.zalora.co.id/p/converse-go-lo-backpack-grey-4681361
ALDO,Harmonie Tote Bag,1389000,0.0,https://www.zalora.co.id/p/converse-speed-3-backpack-beige-4681356
Obermain,Joel 3 Waist Bag,1399000,5.0,https://www.zalora.co.id/p/converse-speed-3-backpack-grey-4681358
Hush Puppies,Floppy Satchel M,1199000,5.0,https://www.zalora.co.id/p/nike-older-kids-backpack-25l-red-4674503
Hush Puppies,Floppy Satchel M,1199000,5.0,https://www.zalora.co.id/p/hush-puppies-peppy-backpack-pink-4382477
Hush Puppies,Jacksey Top Handle,1299000,5.0,https://www.zalora.co.id/p/converse-wrinkle-backpack-navy-4760787
Hush Puppies,Somerton Chest Bag,799000,5.0,https://www.zalora.co.id/p/under-armour-gametime-duffle-s-bag-black-3851685
ADIDAS,Essentials Two-In-One Backpack,0,0.0,https://www.zalora.co.id/p/under-armour-undeniable-5-0-medium-duffle-bag-navy-3155215
Coccinelle,Cheek Smooth Small Clutch Bag,5051470,0.0,https://www.zalora.co.id/p/adidas-classic-seasonal-backpack-black-4719959
ALDO,Meilani Crossbody Bag,1019000,5.0,https://www.zalora.co.id/p/adidas-must-haves-shoulder-bag-black-4776860
Hush Puppies,Princeton Clutch,2399000,0.0,https://www.zalora.co.id/p/converse-winterized-go-lo-backpack-black-4681362
ALDO,Coan Crossbody Bag,1209000,5.0,https://www.zalora.co.id/p/hush-puppies-sage-backpack-navy-4687676
Hush Puppies,Mathie Tote M,1299000,5.0,https://www.zalora.co.id/p/aldo-kaptai-backpack-black-4399773
Hush Puppies,Owen Chest Bag,1999000,5.0,https://www.zalora.co.id/p/aldo-marky-backpack-brown-4397103
Hush Puppies,Pimmy Sling M,999000,4.9,https://www.zalora.co.id/p/nike-heritage-backpack-25l-green-4673844
Obermain,Aurora Canvas Sling Bag S,699000,5.0,https://www.zalora.co.id/p/adidas-ep-syst-team-duffel-bag-35l-black-4493593
Hush Puppies,Floppy Satchel L,1299000,5.0,https://www.zalora.co.id/p/nike-sportswear-futura-365-women-s-mini-backpack-6l-brown-4673942
Hush Puppies,Oline Tote,1199000,4.5,https://www.zalora.co.id/p/adidas-backpack-black-4493742
ADIDAS,MINI AIRLINER,0,0.0,https://www.zalora.co.id/p/hush-puppies-tegan-backpack-black-4326083
Hush Puppies,Fisher Tote M,1699000,5.0,https://www.zalora.co.id/p/adidas-city-explorer-backpack-black-4719968
Hush Puppies,Miel Sling,799000,4.8,https://www.zalora.co.id/p/nike-sportswear-futura-luxe-women-s-cross-body-bag-1l-green-4473103
agnès b.,2-Way Leather Bucket Bag,5129000,0.0,https://www.zalora.co.id/p/nike-sportswear-futura-365-faux-fur-crossbody-bag-1l-black-4674501
Under Armour,Undeniable 5.0 XXS Duffle Bag,499000,5.0,https://www.zalora.co.id/p/adidas-pu-outline-trefoil-shoulder-bag-black-4493541
ALDO,Tigerrqueen Crossbody Bag,1129000,5.0,https://www.zalora.co.id/p/adidas-hybrid-waist-bag-grey-4776884
